ステータス,社員No,氏名,所属No,所属名,出勤日数,欠勤日数,有休日数,特休日数(有給,特休日数(無給),代休日数,出勤時間,遅刻早退時間,普通残業時間,深夜残業時間,所定内残業時間,法外休日出勤時間,法外休日深夜時間,法定休日時間,法定休日深夜時間,45h超過残業,60h超過残業,深夜所定時間25%,法定割増時間35%,宿日直回数
承認済み,1,11111,60040201,安濃_ISO事務局担当G4_T2_S1,24,0,1.5,0,0,0,0,0,0.38,0,0.03,0,0,0,0,0,0,0,0,0
承認済み,2,22222,60060501,安濃_購買担当G6_T5_S1,24,0,2,0,0,0,0,0,0,0,0,0,0,0,0,0,0,0,0,0
承認済み,3,33333,60040101,安濃_品質管理担当G4_T1_S1,24,0,3,0,0,0,0,0,0,0,0,0,0,0,0,0,0,0,0,0
承認済み,4,44444,60020701,安濃_ﾌﾟﾚｽ4担当G2_T7_S1,24,0,3,0,0,0,0,0,0,0,0,0,0,0,0,0,0,0,0,0
承認済み,5,55555,60010501,安濃_EGR担当G1_T5_S1,24,0,3,0,0,0,0,1.43,0,0,0,0,0,0,0,0,0,0,0,0
承認済み,6,66666,60010101,安濃_2輪排気担当G1_T1_S1,24,0,5,0,0,0,0,0,0,0,0,0,0,0,0,0,0,0,0,0
承認済み,7,77777,60030401,安濃_樹脂保全担当G3_T4_S1,24,0,5,0,0,0,0,0,0,0,0,0,0,0,0,0,0,0,0,0
承認済み,8,88888,60010401,安濃_4輪排気担当G1_T4_S1,24,0,5,0,0,0,0,0,0,0,0,0,0,0,0,0,0,0,0,0
承認済み,9,99999,60010301,安濃_OEM担当G1_T3_S1,24,0,3,0,0,0,0,0,0,0,0,0,0,0,0,0,0,0,0,0
承認済み,10,111110,60020701,安濃_ﾌﾟﾚｽ4担当G2_T7_S1,24,0,1,0,0,0,0,0,26.3,0,0,0,0,0,0,0,0,0,0,0
承認済み,11,122221,60010301,安濃_OEM担当G1_T3_S1,24,0,6,0,0,0,0,0,0,0,0,0,0,0,0,0,0,0,0,0
承認済み,12,133332,60060401,安濃_納入管理2担当G6_T4_S1,24,0,2,0,0,0,0,0,0,0,0,0,0,0,0,0,0,0,0,0
承認済み,13,144443,60020701,安濃_ﾌﾟﾚｽ4担当G2_T7_S1,24,0,3,0,0,0,0,0,0,0,0,0,0,0,0,0,0,0,0,0
承認済み,14,155554,60050202,安濃_艤装新機種担当G5_T2_S2,24,0,2,0,0,1,0,0,10.57,0,0,0,0,8,0,0,0,0,0,0
承認済み,15,166665,60060501,安濃_購買担当G6_T5_S1,24,0,1,0,0,0,0,0,0,0,0,0,0,0,0,0,0,0,0,0
承認済み,16,177776,60030701,安濃_樹脂小組担当G3_T7_S1,24,0,8,0,0,0,0,0,0,0,0,0,0,0,0,0,0,0,0,0
承認済み,17,188887,60010101,安濃_2輪排気担当G1_T1_S1,24,0,2,0,0,0,0,0,0,0,0,0,0,0,0,0,0,0,0,0
承認済み,18,199998,60010101,安濃_2輪排気担当G1_T1_S1,24,0,1.5,0,0,0,0,0,0,0,0.08,0,0,0,0,0,0,0,0,0
承認済み,19,211109,60050201,安濃_排気新機種担当G5_T2_S1,24,0,3,0,0,0,0,0,0,0,0,0,0,0,0,0,0,0,0,0
承認済み,20,222220,60060501,安濃_購買担当G6_T5_S1,24,0,3,0,0,0,0,0,0,0,0,0,0,0,0,0,0,0,0,0
承認済み,21,233331,60060200,安濃_総務G6_T2,24,0,2,0,0,0,0,0,32.35,0,0,0,0,0,0,0,0,0,0,0
承認済み,22,244442,60010400,安濃_4輪排気G1_T4,24,0,3,0,0,0,0,0,0,0,0,0,0,0,0,0,0,0,0,0
承認済み,23,255553,60010401,安濃_4輪排気担当G1_T4_S1,24,0,3,0,0,0,0,1.83,5.33,0,0,0,0,0,0,0,0,0,0,0
承認済み,24,266664,60020101,安濃_4輪溶接1担当G2_T1_S1,24,0,0,0,0,0,0,0,57.25,0.88,0,0,0,0,0,13.13,0,0,0,0
承認済み,25,277775,60060601,安濃_ERP担当G6_T6_S1,24,21,0,0,0,0,0,0,0,0,0,0,0,0,0,0,0,0,0,0
承認済み,26,288886,60010200,安濃_2輪組立G1_T2,24,0,1,0,0,0,0,0.17,43.8,2.58,0,0,0,0,0,1.38,0,0,0,0
承認済み,27,299997,60010201,安濃_2輪組立担当G1_T2_S1,24,0,2.5,0,0,0,0,0,0,0,0.13,0,0,0,0,0,0,0,0,0
承認済み,28,311108,60020401,安濃_ﾌﾟﾚｽ1担当G2_T4_S1,24,0,0,0,0,0,0,0,30.83,0,0,7.72,0,0,0,0,0,0,0,0
承認済み,29,322219,60010201,安濃_2輪組立担当G1_T2_S1,24,0,1,0,0,0,0,0,39.83,0,0,0,0,0,0,0,0,0,0,0
承認済み,30,333330,60010301,安濃_OEM担当G1_T3_S1,24,0,3,0,0,0,0,0,40.13,0,0,0,0,0,0,0,0,0,0,0
承認済み,31,344441,60020401,安濃_ﾌﾟﾚｽ1担当G2_T4_S1,24,0,2,0,0,0,0,0,21.05,0,0,0,0,0,0,0,0,0,0,0
承認済み,32,355552,60020201,安濃_4輪溶接2担当G2_T2_S1,24,0,8,0,0,0,0,0,5.37,0,1.05,0,0,0,0,0,0,0,0,0
承認済み,33,366663,60010401,安濃_4輪排気担当G1_T4_S1,24,4,0,0,0,0,0,5.47,0,0,0,0,0,0,0,0,0,0,0,0
承認済み,34,377774,60020801,安濃_保全担当G2_T8_S1,24,0,1,0,0,0,0,0,54.1,0,0,0,0,0,0,9.1,0,0,0,0
承認済み,35,388885,60010601,安濃_ｻｯｼｭ担当G1_T6_S1,24,0,3,0,0,0,0,0,26.5,0,0,0,0,0,0,0,0,0,0,0
承認済み,36,399996,60010301,安濃_OEM担当G1_T3_S1,24,0,1,0,0,0,0,0,0.98,0,0,0,0,0,0,0,0,0,0,0
承認済み,37,411107,60010200,安濃_2輪組立G1_T2,24,0,0.5,0,0,0,0,0,25.8,0,0.12,0,0,0,0,0,0,0,0,0
承認済み,38,422218,60020701,安濃_ﾌﾟﾚｽ4担当G2_T7_S1,24,0,0,0,0,0,0,0,36.23,0,0,2,1.83,6.83,12.5,0,0,87.83,0,0
承認済み,39,433329,60010201,安濃_2輪組立担当G1_T2_S1,24,0,2,0,0,0,0,0,2.62,0,0.23,0,0,0,0,0,0,0,0,0
承認済み,40,444440,60010501,安濃_EGR担当G1_T5_S1,24,0,1.5,0,0,0,0,0,1.02,0,0.08,0,0,0,0,0,0,0,0,0
承認済み,41,455551,60020101,安濃_4輪溶接1担当G2_T1_S1,24,0,3.5,0,0,0,0,0,0,0,0.33,0,0,0,0,0,0,0,0,0
承認済み,42,466662,60040101,安濃_品質管理担当G4_T1_S1,24,0,2.5,0,0,0,0,0.17,0,0,0,0,0,0,0,0,0,0,0,0
承認済み,43,477773,60010101,安濃_2輪排気担当G1_T1_S1,24,0,4,0,0,0,0,0,20,0,0,0,0,0,0,0,0,0,0,0
承認済み,44,488884,60040101,安濃_品質管理担当G4_T1_S1,24,0,4,0,0,0,0,0,0,0,0,0,0,0,0,0,0,0,0,0
承認済み,45,499995,60010401,安濃_4輪排気担当G1_T4_S1,24,0,4.5,0,0,0,0,0,0,0,1.98,0,0,0,0,0,0,0,0,0
承認済み,46,511106,60060600,安濃_ERPG6_T6,24,0,0.5,0,0,0,0,0,20.78,0,0,0,0,0,0,0,0,0,0,0
承認済み,47,522217,60050201,安濃_排気新機種担当G5_T2_S1,24,0,1,0,0,0,0,0,0.52,0,0.43,0,0,0,0,0,0,0,0,0
承認済み,48,533328,60020401,安濃_ﾌﾟﾚｽ1担当G2_T4_S1,24,0,3,0,0,0,0,0,2.22,0,0.1,0,0,0,0,0,0,0,0,0
承認済み,49,544439,60060101,安濃_ｼｽﾃﾑ担当G6_T1_S1,24,0,4,0,0,0,0,0,0,0,0.5,0,0,0,0,0,0,0,0,0
承認済み,50,555550,60010401,安濃_4輪排気担当G1_T4_S1,24,0,4,0,0,0,0,0,0,0,2.02,0,0,0,0,0,0,0,0,0
承認済み,51,566661,60060301,安濃_納入管理1担当G6_T3_S1,24,0,2,0,0,0,0,0,16.73,0,0,0,0,0,0,0,0,0,0,0
承認済み,52,577772,60060201,安濃_総務担当G6_T2_S1,24,0,3.5,0,0,0,0,0,0,0,0.03,0,0,0,0,0,0,0,0,0
承認済み,53,588883,60060301,安濃_納入管理1担当G6_T3_S1,24,0,3,0,0,0,0,0,22.83,0,0,0,0,0,0,0,0,0,0,0
承認済み,54,599994,60010401,安濃_4輪排気担当G1_T4_S1,24,0,3,0,0,0,0,0,16.03,0,0,0,0,0,0,0,0,0,0,0
承認済み,55,611105,60030400,安濃_樹脂保全G3_T4,24,0,0,0,0,0,0,0,19.2,0,0,0,0,0,0,0,0,0,0,0
承認済み,56,622216,60010300,安濃_OEMG1_T3,24,0,2,0,0,0,0,0,26.38,0,0,0,0,0,0,0,0,0,0,0
承認済み,57,633327,60050302,安濃_金型購買担当G5_T3_S2,24,0,6,0,0,0,0,0,0,0,0,0,0,0,0,0,0,0,0,0
承認済み,58,644438,60050201,安濃_排気新機種担当G5_T2_S1,24,0,1,0,0,0,0,0,8.73,0,0,0,0,0,0,0,0,0,0,0
承認済み,59,655549,60050301,安濃_内製/加工担当G5_T3_S1,24,0,3,0,0,0,0,0,0,0,0,0,0,0,0,0,0,0,0,0
承認済み,60,666660,60040100,安濃_品質管理G4_T1,24,0,1,0,0,0,0,0,18.35,0,0,0,0,0,0,0,0,0,0,0
承認済み,61,677771,60020201,安濃_4輪溶接2担当G2_T2_S1,24,0,4.5,0,0,0,0,0,0,0,0.77,0,0,0,0,0,0,0,0,0
承認済み,62,688882,60030401,安濃_樹脂保全担当G3_T4_S1,24,0,2,0,0,0,0,0,18.53,0,0,0,0,0,0,0,0,0,0,0
承認済み,63,699993,60060501,安濃_購買担当G6_T5_S1,24,0,1,0,0,0,0,0,17.13,0,0,0,0,0,0,0,0,0,0,0
承認済み,64,711104,60060601,安濃_ERP担当G6_T6_S1,24,0,4.5,0,0,0,0,0,0,0,0,0,0,0,0,0,0,0,0,0
承認済み,65,722215,60030101,安濃_樹脂成形1担当G3_T1_S1,24,0,1.5,0,0,0,0,0,19,0,1.42,0,0,0,0,0,0,0,0,0
承認済み,66,733326,60020100,安濃_4輪溶接G2_T1,24,0,0,0,0,0,0,0,32.53,0,0,0,0,0,0,0,0,0,0,0
承認済み,67,744437,60040101,安濃_品質管理担当G4_T1_S1,24,0,0,0,0,0,0,0,22.47,0.13,0,0,0,0,0,0,0,0,0,0
承認済み,68,755548,60050101,安濃_樹脂新機種担当G5_T1_S1,24,0,1,0,0,0,0,0,33.2,0,0,0,0,0,0,0,0,0,0,0
承認済み,69,766659,60050200,安濃_新機種係G5_T2,24,0,0,0,0,0,0,0,37.95,0.5,0,0,0,0,0,0,0,0,0,0
承認済み,70,777770,60010101,安濃_2輪排気担当G1_T1_S1,24,0,2,0,0,0,0,0,12.05,0,0,0,0,0,0,0,0,0,0,0
承認済み,71,788881,60030701,安濃_樹脂小組担当G3_T7_S1,24,0,3.5,0,0,0,0,0,7.13,0,0.42,0,0,0,0,0,0,0,0,0
承認済み,72,799992,60040101,安濃_品質管理担当G4_T1_S1,24,0,0.5,0,0,0,0,0,15.15,0,0.33,0,0,0,0,0,0,0,0,0
承認済み,73,811103,60060201,安濃_総務担当G6_T2_S1,24,0,3.5,0,0,0,0,0,0,0,0.03,0,0,0,0,0,0,0,0,0
承認済み,74,822214,60050202,安濃_艤装新機種担当G5_T2_S2,24,0,0,0,0,0,0,0,37,0,0,0,0,0,0,0,0,0,0,0
承認済み,75,833325,60010200,安濃_2輪組立G1_T2,24,0,1,0,0,0,0,0,46.82,0.92,0,0,0,0,0,2.73,0,0,0,0
承認済み,76,844436,60010201,安濃_2輪組立担当G1_T2_S1,24,0,3.5,0,0,0,0,0,0.37,0,3.13,0,0,0,0,0,0,0,0,0
承認済み,77,855547,60020101,安濃_4輪溶接1担当G2_T1_S1,24,0,5,0,0,0,0,0,0,0,3.9,0,0,0,0,0,0,0,0,0
承認済み,78,866658,60030701,安濃_樹脂小組担当G3_T7_S1,24,0,1,0,0,0,0,0,32.08,0,0,0,0,0,0,0,0,0,0,0
承認済み,79,877769,60030700,安濃_樹脂小組G3_T7,24,0,2.5,0,0,0,0,0,3.53,0,0.07,0,0,0,0,0,0,0,0,0
承認済み,80,888880,60020301,安濃_4輪溶接3担当G2_T3_S1,24,0,0,0,0,0,0,0,40.98,0,0,0,0,3.17,8.83,0,0,87.17,0,0
承認済み,81,899991,60050302,安濃_金型購買担当G5_T3_S2,24,0,0,0,0,1,0,0,22.57,0,0,8,0,0,0,0,0,0,0,0
承認済み,82,911102,11020100,安濃_第一営業部G41_T1,24,0,3,0,0,0,0,0,12.97,0,0,0,0,0,0,0,0,0,0,0
承認済み,83,922213,60020801,安濃_保全担当G2_T8_S1,24,0,2,0,0,0,0,0,37.25,0,0,0,0,0,0,0,0,0,0,0
承認済み,84,933324,11020100,安濃_第一営業部G41_T1,24,0,17.5,0,0,0,0,0,0,0,0.22,0,0,0,0,0,0,0,0,0
承認済み,85,944435,60010500,安濃_EGRG1_T5,24,0,1.5,0,0,0,0,0,27.07,0,3.83,0,0,0,0,0,0,0,0,0
承認済み,86,955546,60030101,安濃_樹脂成形1担当G3_T1_S1,24,0,1,0,0,0,0,0,10.58,0,0,2.83,1.33,0,4.55,0,0,35.83,0,0
承認済み,87,966657,60020101,安濃_4輪溶接1担当G2_T1_S1,24,0,1.5,0,0,0,0,0,0,30.6,0,0,0,0,0.17,0,0,5.67,0,0
承認済み,88,977768,60010201,安濃_2輪組立担当G1_T2_S1,24,6,0,0,0,0,0,7.92,0,0,0,4.02,0,0,0,0,0,0,0,0
承認済み,89,988879,60010101,安濃_2輪排気担当G1_T1_S1,24,0,3,0,0,0,0,0,43.57,8.57,0,0,0,0,0,7.13,0,0,0,0
承認済み,90,999990,60040101,安濃_品質管理担当G4_T1_S1,24,0,0,0,0,0,0,0,29.22,0.67,0,0,0,0,0,0,0,0,0,0
承認済み,91,1011101,60010401,安濃_4輪排気担当G1_T4_S1,24,0,1.5,0,0,0,0,0,27.33,0,0,0,0,0,1.83,0,0,86,0,0
承認済み,92,1022212,60020401,安濃_ﾌﾟﾚｽ1担当G2_T4_S1,24,0,2,0,0,0,0,0,5.1,19.43,0,0,0,0.37,4.67,0,0,59.17,0,0
承認済み,93,1033323,60030101,安濃_樹脂成形1担当G3_T1_S1,24,0,1.5,0,0,0,0,0,18.27,0,0.1,0,0,0,0,0,0,0,0,0
承認済み,94,1044434,60060301,安濃_納入管理1担当G6_T3_S1,24,0,3,0,0,0,0,0,0.83,0,0,0,0,0,0,0,0,0,0,0
承認済み,95,1055545,60060501,安濃_購買担当G6_T5_S1,24,0,1,0,0,0,0,0,28.47,1.83,0,0,0,0,0,0,0,0,0,0
承認済み,96,1066656,60050202,安濃_艤装新機種担当G5_T2_S2,24,0,0,0,0,0,0,0,36.58,2.42,0,0,0,0,0,0,0,0,0,0
承認済み,97,1077767,60010501,安濃_EGR担当G1_T5_S1,24,0,1,0,0,0,0,0.17,22.43,0.07,0,0,0,0,1.83,0,0,31.83,0,0
承認済み,98,1088878,60030500,安濃_樹脂塗装G3_T5,24,0,2,0,0,0,0,0,46.37,0.78,0,10,0,0,0,12.15,0,54,0,0
承認済み,99,1099989,60020901,安濃_SPS推進室担当G2_T9_S1,24,0,1,0,0,0,0,0,21.9,0,0,0,0,0,0,0,0,0,0,0
承認済み,100,1111100,60050300,安濃_金型係G5_T3,24,0,0,0,0,0,0,0,39.37,0,0,0,0,0,0,0,0,0,0,0
承認済み,101,1122211,60060401,安濃_納入管理2担当G6_T4_S1,24,0,2.5,0,0,0,0,0,0,0,0.68,0,0,0,0,0,0,0,0,0
承認済み,102,1133322,60060400,安濃_納入管理2G6_T4,24,0,4,0,0,0,0,0,22.65,0,0,0,0,0,0,0,0,0,0,0
承認済み,103,1144433,60010201,安濃_2輪組立担当G1_T2_S1,24,0,2.5,0,0,0,0,0,0,0,0.22,0,0,0,0,0,0,0,0,0
承認済み,104,1155544,60050101,安濃_樹脂新機種担当G5_T1_S1,24,0,2,0,0,0,0,0,27.6,0.15,0.18,0,0,0,0,0,0,0,0,0
承認済み,105,1166655,60050201,安濃_排気新機種担当G5_T2_S1,24,0,0.5,0,0,0,0,0,37.32,0,0.15,0,0,0,0,0,0,0,0,0
承認済み,106,1177766,60020100,安濃_4輪溶接G2_T1,24,0,0.5,0,0,0,0,0,33.28,0,0.28,0,0,0,0,0,0,0,0,0
承認済み,107,1188877,60060201,安濃_総務担当G6_T2_S1,14,0,0,0,0,0,0,0,2,0,9.58,4.83,0,0,0,0,0,0,0,0
承認済み,108,1199988,60010201,安濃_2輪組立担当G1_T2_S1,24,0,1.5,0,0,0,0,0,10.9,0,0.23,0,0,0,0,0,0,0,0,0
承認済み,109,1211099,60020801,安濃_保全担当G2_T8_S1,24,0,4,0,0,0,0,0,10,11.02,0,0,0,0,0,0,0,0,0,0
承認済み,110,1222210,60050201,安濃_排気新機種担当G5_T2_S1,24,0,0,0,0,1,0,0,25.42,0,0,8.37,0,0,0,0,0,0,0,0
承認済み,111,1233321,11020101,安濃_第一営業部担当G41_T1_S1,24,0,3,0,0,0,0,0,18.53,0,0,0,0,0,0,0,0,0,0,0
承認済み,112,1244432,60020601,安濃_ﾌﾟﾚｽ3担当G2_T6_S1,24,0,7,0,0,0,0,0,22.45,0.52,0,7.67,0,0,0,0,0,1.83,0,0
承認済み,113,1255543,60050301,安濃_内製/加工担当G5_T3_S1,24,0,0.5,0,0,0,0,0,31.88,0.18,0.38,0,0,0,0,0,0,0,0,0
承認済み,114,1266654,60010501,安濃_EGR担当G1_T5_S1,24,0,1,0,0,0,0,0,27.32,0,0,0,0,1.83,0,0,0,54,0,0
承認済み,115,1277765,60050301,安濃_内製/加工担当G5_T3_S1,24,0,1,0,0,0,0,0,8.3,0,0,0,0,0,0,0,0,0,0,0
承認済み,116,1288876,60010400,安濃_4輪排気G1_T4,24,0,0.5,0,0,0,0,0,44.62,1.92,3.83,0,0,0,0,1.53,0,0,0,0
承認済み,117,1299987,60010501,安濃_EGR担当G1_T5_S1,24,0,2.5,0,0,0,0,0,20.52,1.58,0.08,0,0,0,0,0,0,22.17,0,0
承認済み,118,1311098,60020400,安濃_ﾌﾟﾚｽ1G2_T4,24,0,1,0,0,0,0,0,28,0,0,0,0,0,0,0,0,0,0,0
承認済み,119,1322209,60030401,安濃_樹脂保全担当G3_T4_S1,24,0,1,0,0,0,0,0,3.97,0,0,0,0,0,0,0,0,0,0,0
承認済み,120,1333320,11020101,安濃_第一営業部担当G41_T1_S1,24,0,3,0,0,0,0,0,0,0,0,0,0,0,0,0,0,0,0,0
承認済み,121,1344431,60020501,安濃_ﾌﾟﾚｽ2担当G2_T5_S1,24,0,1,0,0,0,0,0,12,21.33,0,0,0,0,2.63,0,0,36.5,0,0
承認済み,122,1355542,60050202,安濃_艤装新機種担当G5_T2_S2,24,0,2,0,0,1,0,0,17.07,0,0,0,0,8,0,0,0,0,0,0
承認済み,123,1366653,60060101,安濃_ｼｽﾃﾑ担当G6_T1_S1,24,0,2,0,0,0,0,0,0.77,0.38,0,0,0,0,0,0,0,0,0,0
承認済み,124,1377764,60050301,安濃_内製/加工担当G5_T3_S1,24,0,0.5,0,0,0,0,0,46.92,0.33,0.38,0,0,0,0,2.25,0,0,0,0
承認済み,125,1388875,60060500,安濃_購買G6_T5,24,0,0.5,0,0,0,0,0,36.45,0,0.62,0,0,0,0,0,0,0,0,0
承認済み,126,1399986,60020601,安濃_ﾌﾟﾚｽ3担当G2_T6_S1,24,0,0,0,0,0,0,0,45.08,0,0,0,0,0,2.63,0.08,0,62,0,0
承認済み,127,1411097,60020101,安濃_4輪溶接1担当G2_T1_S1,24,0,0.5,0,0,0,0,0,46.4,1.4,0,8,0,0,0,10.8,0,0,0,0
承認済み,128,1422208,60020501,安濃_ﾌﾟﾚｽ2担当G2_T5_S1,24,0,1,0,0,0,0,0,23.37,0,0,0,0,2.75,4.17,0,0,56.67,0,0
承認済み,129,1433319,60050201,安濃_排気新機種担当G5_T2_S1,24,0,2,0,0,1,0,0,1.83,0,0,0,0,0,0,0,0,0,0,0
承認済み,130,1444430,60010401,安濃_4輪排気担当G1_T4_S1,24,0,2.5,0,0,0,0,0,23.17,0,3.5,0,0,0,0,0,0,0,0,0
承認済み,131,1455541,60020800,安濃_保全G2_T8,24,0,2,0,0,0,0,0,37.42,0,0,0,0,0,0,0,0,0,0,0
承認済み,132,1466652,60050202,安濃_艤装新機種担当G5_T2_S2,24,0,1,0,0,0,0,0,12.33,0,0,0,0,0,0,0,0,0,0,0
承認済み,133,1477763,60030501,安濃_樹脂塗装1担当G3_T5_S1,24,0,1.5,0,0,0,0,0,28.28,0,0.03,0,0,0,0,0,0,0,0,0
承認済み,134,1488874,60050202,安濃_艤装新機種担当G5_T2_S2,24,0,1,0,0,0,0,0,38,0.38,0,0,0,8,0,0,0,0,0,0
承認済み,135,1499985,60030201,安濃_樹脂成形2担当G3_T2_S1,24,0,0,0,0,0,0,0,3.75,3.92,0,0,0,0,8.33,0,0,67.67,0,0
承認済み,136,1511096,60030601,安濃_樹脂塗装2担当G3_T6_S1,24,0,0,0,0,0,0,0,43.68,13.17,0,0,0,8.9,8.67,11.85,0,64.67,0,0
承認済み,137,1522207,60030601,安濃_樹脂塗装2担当G3_T6_S1,24,0,0,0,0,0,0,0,34.9,0,0,0,0,8.35,8.33,0,0,75.67,0,0
承認済み,138,1533318,60030601,安濃_樹脂塗装2担当G3_T6_S1,24,0,0,0,0,0,0,0,44.18,2.67,0,0,0,8.53,8.33,1.85,0,73.5,0,0
承認済み,139,1544429,60030201,安濃_樹脂成形2担当G3_T2_S1,24,0,0,0,0,0,0,0,4.8,6.4,0,2.85,1.33,0,8,0,0,41.83,0,0
承認済み,140,1555540,60050201,安濃_排気新機種担当G5_T2_S1,24,0,0,1,0,0,0,0,34.4,0,0,0,0,0,0,0,0,0,0,0
承認済み,141,1566651,60030401,安濃_樹脂保全担当G3_T4_S1,24,0,2,0,0,0,0,0,0,0,0,0,0,0,0,0,0,0,0,0
承認済み,142,1577762,60010401,安濃_4輪排気担当G1_T4_S1,24,0,2,0,0,0,0,0,3.1,0,0,0,0,0,0,0,0,18,0,0
承認済み,143,1588873,60010401,安濃_4輪排気担当G1_T4_S1,24,0,4.5,0,0,0,0,0,10.58,0,3.75,0,0,0,0,0,0,0,0,0
承認済み,144,1599984,60060601,安濃_ERP担当G6_T6_S1,24,0,0,0,0,0,0,0,5.68,0,0,0,0,0,0,0,0,0,0,0
承認済み,145,1611095,60060401,安濃_納入管理2担当G6_T4_S1,24,0,1,0,0,0,0,0,17.18,0,0.2,0,0,0,0,0,0,0,0,0
承認済み,146,1622206,60030501,安濃_樹脂塗装1担当G3_T5_S1,24,0,0.5,0,0,0,0,0,31.42,0.83,0.17,0,0,0,0,0,0,29.17,0,0
承認済み,147,1633317,60060601,安濃_ERP担当G6_T6_S1,24,0,0.5,0,0,0,0,0.37,6.47,0,0.03,0,0,0,0,0,0,0,0,0
承認済み,148,1644428,60010301,安濃_OEM担当G1_T3_S1,24,0,0,0,0,0,0,0,48.15,4.03,0,4.25,0,0,0,11.43,0,0,0,0
承認済み,149,1655539,60010101,安濃_2輪排気担当G1_T1_S1,24,0,0,0,0,0,0,0,42.87,5.12,0,3.83,0,0,0,6.82,0,0,0,0
承認済み,150,1666650,60010301,安濃_OEM担当G1_T3_S1,24,0,0,0,0,0,0,0,30.65,0,0,4.27,0,0,0,0,0,0,0,0
承認済み,151,1677761,60030201,安濃_樹脂成形2担当G3_T2_S1,24,0,0,0,0,0,0,0,4.7,8.75,0,8.38,0,0,1.83,0,0,21.17,0,0
承認済み,152,1688872,60030201,安濃_樹脂成形2担当G3_T2_S1,24,0,2,0,0,0,0,0,11.8,0,0,0,0,0,0,0,0,44.83,0,0
承認済み,153,1699983,60030201,安濃_樹脂成形2担当G3_T2_S1,24,0,0,0,0,0,0,0,5.92,8.97,0,2.83,1.33,3.83,8,0,0,46.17,0,0
承認済み,154,1711094,60020401,安濃_ﾌﾟﾚｽ1担当G2_T4_S1,24,0,0,0,0,0,0,0,34.88,0,0,0,0,0,0,0,0,0,0,0
承認済み,155,1722205,60020401,安濃_ﾌﾟﾚｽ1担当G2_T4_S1,24,0,0,0,0,0,0,0,38.38,0,0,0,0,0,0,0,0,0,0,0
承認済み,156,1733316,60010401,安濃_4輪排気担当G1_T4_S1,24,0,3,0,0,0,0,0,28.45,0.3,0,0,0,0,0,0,0,0,0,0
承認済み,157,1744427,60050101,安濃_樹脂新機種担当G5_T1_S1,24,0,1,0,0,0,0,0,45.5,5.25,0,0,0,0,0,5.75,0,2.5,0,0
承認済み,158,1755538,60030100,安濃_樹脂成形1G3_T1,24,0,0,0,0,0,0,0,23.02,0,0,0,0,0,0,0,0,0,0,0
承認済み,159,1766649,60010401,安濃_4輪排気担当G1_T4_S1,24,0,1,0,0,0,0,0,50.25,0.55,4.73,0,0,0,1.83,5.8,0,32,0,0
承認済み,160,1777760,60020101,安濃_4輪溶接1担当G2_T1_S1,24,0,2,0,0,0,0,0,21.68,0,0,0,0,0.32,4.67,0,0,80.17,0,0
承認済み,161,1788871,60010401,安濃_4輪排気担当G1_T4_S1,24,0,3,2,0,0,0,0,26.48,0,0,0,0,0,0,0,0,54,0,0
承認済み,162,1799982,60050202,安濃_艤装新機種担当G5_T2_S2,24,0,1,0,0,0,0,0,35.77,1.62,0,0,0,0,0,0,0,0,0,0
承認済み,163,1811093,60010401,安濃_4輪排気担当G1_T4_S1,24,0,2,0,0,0,0,0,43.25,1.35,0,0,0,0,0,0,0,24,0,0
承認済み,164,1822204,60040201,安濃_ISO事務局担当G4_T2_S1,24,0,3,0,0,0,0,0,2.67,0,0,0,0,0,0,0,0,0,0,0
承認済み,165,1833315,60020501,安濃_ﾌﾟﾚｽ2担当G2_T5_S1,24,0,0,0,0,0,0,0,24,0,0,0,0,0,0,0,0,30,0,0
承認済み,166,1844426,60020601,安濃_ﾌﾟﾚｽ3担当G2_T6_S1,24,0,1,0,0,0,0,0,21.5,0,0,0,0,0,1.83,0,0,56.5,0,0
承認済み,167,1855537,60010501,安濃_EGR担当G1_T5_S1,24,0,1,0,0,0,0,0,20.83,0,0,0,0,0,0,0,0,0,0,0
承認済み,168,1866648,60020101,安濃_4輪溶接1担当G2_T1_S1,24,0,0.5,0,0,0,0,0,36.55,0.33,0.28,0,0,0,0,0,0,0,0,0
承認済み,169,1877759,60020601,安濃_ﾌﾟﾚｽ3担当G2_T6_S1,24,0,0,0,0,0,0,0,38.85,0,0,0,0,0,1.83,0,0,26,0,0
承認済み,170,1888870,60030101,安濃_樹脂成形1担当G3_T1_S1,24,0,0,0,0,0,0,0,10,0,0,0,0,0,1.83,0,0,40,0,0
承認済み,171,1899981,60010401,安濃_4輪排気担当G1_T4_S1,24,0,3,0,0,0,0,0,22.17,0,0,0,0,0,0,0,0,0,0,0
承認済み,172,1911092,60030101,安濃_樹脂成形1担当G3_T1_S1,24,0,0,0,0,0,0,0,2.75,0,0,9.68,0,2.17,6,0,0,39.83,0,0
承認済み,173,1922203,60030101,安濃_樹脂成形1担当G3_T1_S1,24,0,0,0,0,0,0,1,6.9,0.58,0,0,0,0,1.83,0,0,39.83,0,0
承認済み,174,1933314,60020201,安濃_4輪溶接2担当G2_T2_S1,24,0,4,0,0,0,0,0,26.87,5.17,0,0,0,0,4.17,0,0,26.67,0,0
承認済み,175,1944425,60030501,安濃_樹脂塗装1担当G3_T5_S1,24,0,0,0,0,0,0,0,18.6,0,0,0,0,0,0,0,0,0,0,0
承認済み,176,1955536,60020301,安濃_4輪溶接3担当G2_T3_S1,24,0,0.5,0,0,0,0,0,46.35,4.68,0.18,0,0,0,4.17,6.03,0,27.67,0,0
承認済み,177,1966647,60010301,安濃_OEM担当G1_T3_S1,24,0,1,0,0,0,0,0,25.22,0,0,0,0,0,0,0,0,0,0,0
申請取消,178,1977758,60010301,安濃_OEM担当G1_T3_S1,24,0,1,0,0,0,0,0,44.55,0,0,0,0,0,0,0,0,0,0,0
承認済み,179,1988869,60010301,安濃_OEM担当G1_T3_S1,24,0,1,0,0,0,0,0,26.67,0,0,0,0,0,0,0,0,0,0,0
承認済み,180,1999980,60010101,安濃_2輪排気担当G1_T1_S1,24,0,0,0,0,0,0,0,37.87,2.9,0,0,0,0,0,0,0,0,0,0
承認済み,181,2011091,60010101,安濃_2輪排気担当G1_T1_S1,24,0,0,0,0,0,0,0,34.98,0,0,0,0,2.87,0,0,0,0,0,0
承認済み,182,2022202,60010401,安濃_4輪排気担当G1_T4_S1,24,0,2,0,0,0,0,0,15,6.5,0,0,0,0,0,0,0,65.5,0,0
承認済み,183,2033313,60010401,安濃_4輪排気担当G1_T4_S1,24,0,2,0,0,0,0,0,24.12,6.5,0,0,0,0,0,0,0,65.5,0,0
承認済み,184,2044424,60010501,安濃_EGR担当G1_T5_S1,24,0,0,0,0,0,0,0,26.78,0,0,8.8,0,0,0,0,0,0,0,0
承認済み,185,2055535,60020101,安濃_4輪溶接1担当G2_T1_S1,24,0,0,0,0,0,0,0,24.8,3,0,0,0,0,4.17,0,0,22.98,0,0
承認済み,186,2066646,60030501,安濃_樹脂塗装1担当G3_T5_S1,24,0,2,0,0,0,0,0,38.08,1.98,0,0,0,0,0,0,0,0,0,0
承認済み,187,2077757,60030501,安濃_樹脂塗装1担当G3_T5_S1,24,0,2,0,0,0,0,0,48.48,0,0,0,0,0,0,3.48,0,84,0,0
承認済み,188,2088868,60030101,安濃_樹脂成形1担当G3_T1_S1,24,0,0,0,0,0,0,0,13.5,0,0,0,0,0,0,0,0,20.83,0,0
承認済み,189,2099979,60030101,安濃_樹脂成形1担当G3_T1_S1,24,0,0,0,0,0,0,0,7.35,8,0,10,0,0,1.83,0,0,21.17,0,0
承認済み,190,2111090,60030101,安濃_樹脂成形1担当G3_T1_S1,24,0,1,0,0,0,0,0,8.68,8.97,0,2.88,1.33,0,3.83,0,0,40,0,0
承認済み,191,2122201,60010301,安濃_OEM担当G1_T3_S1,24,0,1,0,0,0,0,0,49.9,4.13,0,0,0,0,0,9.03,0,0,0,0
承認済み,192,2133312,60010301,安濃_OEM担当G1_T3_S1,24,0,2,0,0,0,0,0,23.53,1.5,0,0,0,0,0,0,0,0,0,0
承認済み,193,2144423,60010101,安濃_2輪排気担当G1_T1_S1,24,0,0,0,0,0,0,0,44.73,1.6,0,0,0,0,0,1.33,0,0,0,0
承認済み,194,2155534,60010101,安濃_2輪排気担当G1_T1_S1,24,0,0,0,0,0,0,0.13,45.32,2.62,0,0,0,0,0,2.93,0,0,0,0
承認済み,195,2166645,60010501,安濃_EGR担当G1_T5_S1,24,0,0,0,0,0,0,0,37.15,2.02,0,8.12,0,0,0,2.28,0,0,0,0
承認済み,196,2177756,60020101,安濃_4輪溶接1担当G2_T1_S1,24,0,0,0,0,0,0,0,30.87,0,0,0,0,0,4.17,0,0,61.83,0,0
承認済み,197,2188867,60020101,安濃_4輪溶接1担当G2_T1_S1,24,0,1,0,0,0,0,0,31.6,0,0,0,0,0,0,0,0,0,0,0
承認済み,198,2199978,60030501,安濃_樹脂塗装1担当G3_T5_S1,24,0,2,0,0,0,0,0,46.32,0,0,0,0,0,0,1.32,0,84,0,0
承認済み,199,2211089,60030501,安濃_樹脂塗装1担当G3_T5_S1,24,0,2,0,0,0,0,0,37.13,0.02,0,0,0,0,0,0,0,0,0,0
承認済み,200,2222200,60030101,安濃_樹脂成形1担当G3_T1_S1,24,0,0,0,0,0,0,0,3,7.4,0,2.83,1.33,3.83,12.67,0,0,65.83,0,0
承認済み,201,2233311,60030501,安濃_樹脂塗装1担当G3_T5_S1,24,0,2,0,0,0,0,0,49.55,1.15,0,0,0,0,0,5.7,0,0,0,0
承認済み,202,2244422,60030101,安濃_樹脂成形1担当G3_T1_S1,24,0,0,0,0,0,0,0,18.72,0,0,0,0,0,4.17,0,0,46.67,0,0
承認済み,203,2255533,60030501,安濃_樹脂塗装1担当G3_T5_S1,24,0,2,0,0,0,0,0,43.33,0,0,0,0,0,0,0,0,84,0,0
承認済み,204,2266644,60030101,安濃_樹脂成形1担当G3_T1_S1,24,0,1,0,0,0,0,0,10.8,6.48,0,10,0,0,6,0,0,43.17,0,0

